{
  "type": "operation_policy_specification",
  "version": "v4.5.0",
  "data": {
    "category": "Mediation",
    "name": "PIIMaskingRegex",
    "version": "v1.0",
    "displayName": "PII Masking with Regex",
    "description": "Detects and masks Personally Identifiable Information (PII) based on specified regular expression patterns. By default, PII values are masked during the request flow and restored in the response flow. If the \u0027redact\u0027 attribute is set to true, PII values will be permanently replaced with \u0027*****\u0027.",
    "applicableFlows": [
      "request",
      "response"
    ],
    "supportedGateways": [
      "Synapse"
    ],
    "supportedApiTypes": [
      {
        "subType": "AIAPI",
        "apiType": "HTTP"
      }
    ],
    "policyAttributes": [
      {
        "name": "name",
        "displayName": "Guardrail Name",
        "description": "The name of the guardrail policy. This will be used for tracking purposes.",
        "type": "String",
        "allowedValues": [],
        "required": true
      },
      {
        "name": "piiEntities",
        "displayName": "PII Entities",
        "description": "The PII entities to detect and mask using regular expressions. Each entry should include the entity name and its corresponding regex pattern.",
        "type": "JSON",
        "defaultValue": "[\n  {\n    \"piiEntity\": \"\",\n    \"piiRegex\": \"\"\n  }\n]",
        "allowedValues": [],
        "required": true
      },
      {
        "name": "jsonPath",
        "displayName": "JSON Path",
        "description": "Specifies the JSONPath expression to extract content from the payload for analysis. If omitted, the entire payload will be analyzed.",
        "type": "String",
        "allowedValues": [],
        "required": false
      },
      {
        "name": "redact",
        "displayName": "Redact PII",
        "description": "If set to true, identified PII values will be permanently replaced with \"*****\" (irreversible).",
        "type": "Boolean",
        "defaultValue": "false",
        "allowedValues": [],
        "required": false
      }
    ]
  }
}