{
  "type": "operation_policy_specification",
  "version": "v4.5.0",
  "data": {
    "category": "Mediation",
    "name": "SemanticPromptGuardrail",
    "version": "v1.0",
    "displayName": "Semantic Prompt Guardrail",
    "description": "Validate the request content by checking its semantic similarity against a list of defined allowed and denied prompts.",
    "applicableFlows": [
      "request",
      "response"
    ],
    "supportedGateways": [
      "Synapse"
    ],
    "supportedApiTypes": [
      {
        "subType": "AIAPI",
        "apiType": "HTTP"
      }
    ],
    "policyAttributes": [
      {
        "name": "name",
        "displayName": "Guardrail Name",
        "description": "The name of the guardrail policy. This will be used for tracking purposes.",
        "type": "String",
        "allowedValues": [],
        "required": true
      },
      {
        "name": "rules",
        "displayName": "Semantic Rules",
        "description": "Define the allowed and denied prompts.",
        "type": "JSON",
        "defaultValue": "{\n  \"allowPrompts\": [],\n  \"denyPrompts\": []\n}",
        "allowedValues": [],
        "required": true
      },
      {
        "name": "threshold",
        "displayName": "Similarity Threshold",
        "description": "The similarity threshold that must be met for rule enforcement.",
        "validationRegex": "^(100|[1-9]?[0-9])$",
        "type": "Integer",
        "defaultValue": "90",
        "allowedValues": [],
        "required": false
      },
      {
        "name": "jsonPath",
        "displayName": "JSON Path",
        "description": "The JSONPath expression used to extract content from the payload. If not specified, the entire payload will be used for validation.",
        "type": "String",
        "allowedValues": [],
        "required": false
      },
      {
        "name": "showAssessment",
        "displayName": "Show Guardrail Assessment",
        "description": "When enabled, the error response will include detailed information about the reason for the guardrail intervention.",
        "type": "Boolean",
        "defaultValue": "false",
        "allowedValues": [],
        "required": false
      }
    ]
  }
}