{
  "type": "api",
  "version": "v4.5.0",
  "data": {
    "id": "c726feb5-b865-4bf2-9e07-818d578b8f96",
    "name": "MistralAIAPI",
    "description": "Our Chat Completion and Embeddings APIs specification. Create your account on [La Plateforme](https://console.mistral.ai) to get access and read the [docs](https://docs.mistral.ai) to learn how to use it.",
    "context": "/mistralaiapi",
    "version": "0.0.3",
    "provider": "rafag",
    "lifeCycleStatus": "PUBLISHED",
    "responseCachingEnabled": false,
    "cacheTimeout": 300,
    "hasThumbnail": true,
    "isDefaultVersion": true,
    "isRevision": false,
    "revisionId": 0,
    "enableSchemaValidation": false,
    "enableSubscriberVerification": false,
    "type": "HTTP",
    "audiences": [
      "all"
    ],
    "transport": [
      "https"
    ],
    "tags": [],
    "policies": [
      "AISilver",
      "Unlimited",
      "AIGold",
      "AIBronze"
    ],
    "organizationPolicies": [],
    "authorizationHeader": "Authorization",
    "apiKeyHeader": "ApiKey",
    "securityScheme": [
      "oauth_basic_auth_api_key_mandatory",
      "oauth2"
    ],
    "visibility": "PUBLIC",
    "visibleRoles": [],
    "visibleTenants": [],
    "visibleOrganizations": [
      "none"
    ],
    "mediationPolicies": [],
    "subscriptionAvailability": "CURRENT_TENANT",
    "subscriptionAvailableTenants": [],
    "additionalProperties": [
      {
        "name": "Owner",
        "value": "Presales",
        "display": false
      },
      {
        "name": "Domain",
        "value": "AI",
        "display": false
      }
    ],
    "additionalPropertiesMap": {
      "Owner": {
        "name": "Owner",
        "value": "Presales",
        "display": false
      },
      "Domain": {
        "name": "Domain",
        "value": "AI",
        "display": false
      }
    },
    "accessControl": "NONE",
    "accessControlRoles": [],
    "businessInformation": {},
    "corsConfiguration": {
      "corsConfigurationEnabled": false,
      "accessControlAllowOrigins": [
        "*"
      ],
      "accessControlAllowCredentials": false,
      "accessControlAllowHeaders": [
        "authorization",
        "Access-Control-Allow-Origin",
        "Content-Type",
        "SOAPAction",
        "apikey",
        "Internal-Key"
      ],
      "accessControlAllowMethods": [
        "GET",
        "PUT",
        "POST",
        "DELETE",
        "PATCH",
        "OPTIONS"
      ]
    },
    "websubSubscriptionConfiguration": {
      "enable": false,
      "secret": "",
      "signingAlgorithm": "SHA1",
      "signatureHeader": "x-hub-signature"
    },
    "createdTime": "1757018446480",
    "lastUpdatedTimestamp": "1760349004737",
    "lastUpdatedTime": "2025-10-13 09:50:04.737",
    "endpointConfig": {
      "endpoint_type": "http",
      "endpoint_security": {
        "production": {
          "apiKeyValue": "",
          "tokenUrl": "",
          "connectionTimeoutDuration": -1,
          "apiKeyIdentifier": "Authorization",
          "type": "apikey",
          "socketTimeoutDuration": -1,
          "enabled": true,
          "apiKeyIdentifierType": "HEADER",
          "proxyConfigs": {
            "proxyEnabled": false,
            "proxyPort": "",
            "proxyProtocol": "",
            "proxyUsername": "",
            "proxyPassword": "",
            "proxyHost": ""
          },
          "customParameters": {},
          "additionalProperties": {},
          "grantType": "",
          "connectionRequestTimeoutDuration": -1,
          "username": ""
        }
      },
      "production_endpoints": {
        "url": "https://api.mistral.ai"
      }
    },
    "primaryProductionEndpointId": "default_production_endpoint",
    "endpointImplementationType": "ENDPOINT",
    "subtypeConfiguration": {
      "subtype": "AIAPI",
      "_configuration": "{\"llmProviderId\":\"a26e42de-64be-481b-953f-fe88d588bddc\",\"llmProviderName\":\"MistralAI\",\"llmProviderApiVersion\":\"1.0.0\"}"
    },
    "scopes": [],
    "operations": [
      {
        "id": "",
        "target": "/v1/chat/completions",
        "verb": "POST",
        "authType": "Application \u0026 Application User",
        "throttlingPolicy": "Unlimited",
        "scopes": [],
        "usedProductIds": [],
        "operationPolicies": {
          "request": [
            {
              "policyName": "addLogMessage",
              "policyVersion": "v1",
              "policyType": "common",
              "policyId": "efd3f3eb-e089-4bfb-b4b3-c4bc54dba9ef",
              "parameters": {}
            },
            {
              "policyName": "RegexGuardrail",
              "policyVersion": "v1.0",
              "policyType": "common",
              "policyId": "5c6202a3-564d-4af3-a6ca-eb5b804ba7e2",
              "parameters": {
                "name": "PreventPromptOverride",
                "regex": "(?i)\\b(ignore|disregard|forget|override|bypass|skip)\\b\\s*(all|any|the|your)?\\s*(previous|prior|above|system|original|initial)\\s*(prompt|instructions?|directives?|rules?|command)\\b",
                "jsonPath": "$.messages[0].content",
                "invert": true,
                "showAssessment": true
              }
            },
            {
              "policyName": "AzureContentSafetyContentModeration",
              "policyVersion": "v1.0",
              "policyType": "common",
              "policyId": "354e3a64-c346-4324-b502-4f5395517d5a",
              "parameters": {
                "name": "WSO2_Offensive_Content",
                "hateCategory": "2",
                "sexualCategory": "2",
                "selfHarmCategory": "2",
                "violenceCategory": "2",
                "jsonPath": "$.messages[*].content",
                "passthroughOnError": true,
                "showAssessment": true
              }
            },
            {
              "policyName": "SemanticPromptGuardrail",
              "policyVersion": "v1.0",
              "policyType": "common",
              "policyId": "1cc14894-ed09-4e05-92b0-dcdfbc139e80",
              "parameters": {
                "name": "Semantic Block",
                "rules": "{\n  \u0026quot;allowPrompts\u0026quot;: [],\n  \u0026quot;denyPrompts\u0026quot;: [\n    \u0026quot;football\u0026quot;,\n    \u0026quot;soccer\u0026quot;, \n    \u0026quot;futbol\u0026quot;,\n    \u0026quot;calcio\u0026quot;\n  ]\n}",
                "threshold": "75",
                "jsonPath": "$.messages[*].content",
                "showAssessment": true
              }
            },
            {
              "policyName": "PIIMaskingRegex",
              "policyVersion": "v1.0",
              "policyType": "common",
              "policyId": "36ff2e7d-f288-4757-b3fa-13d08cecf423",
              "parameters": {
                "name": "Catch_Email_PII",
                "piiEntities": "[\n  {\n    \u0026quot;piiEntity\u0026quot;: \u0026quot;email\u0026quot;,\n    \u0026quot;piiRegex\u0026quot;: \u0026quot;[A-Za-z0-9._%+-]+@[A-Za-z0-9.-]+\\\\.[A-Za-z]{2,5}\u0026quot;\n  }\n]",
                "jsonPath": "$.messages[0].content",
                "redact": true
              }
            },
            {
              "policyName": "addLogMessage",
              "policyVersion": "v1",
              "policyType": "common",
              "policyId": "efd3f3eb-e089-4bfb-b4b3-c4bc54dba9ef",
              "parameters": {}
            }
          ],
          "response": [
            {
              "policyName": "addLogMessage",
              "policyVersion": "v1",
              "policyType": "common",
              "policyId": "efd3f3eb-e089-4bfb-b4b3-c4bc54dba9ef",
              "parameters": {}
            },
            {
              "policyName": "RegexGuardrail",
              "policyVersion": "v1.0",
              "policyType": "common",
              "policyId": "5c6202a3-564d-4af3-a6ca-eb5b804ba7e2",
              "parameters": {
                "name": "Detect CC numbers",
                "regex": "\\d{4}[-|\\s]?\\d{4}[-|\\s]?\\d{4}[-|\\s]?\\d{4}",
                "jsonPath": "$.choices[*].message.content",
                "invert": true,
                "showAssessment": true
              }
            }
          ],
          "fault": [
            {
              "policyName": "jsonFault",
              "policyVersion": "v1",
              "policyType": "common",
              "policyId": "81a4ba13-be8c-4204-8f61-0dec2f8a1a1b",
              "parameters": {}
            }
          ]
        }
      },
      {
        "id": "",
        "target": "/v1/models",
        "verb": "GET",
        "authType": "Application \u0026 Application User",
        "throttlingPolicy": "Unlimited",
        "scopes": [],
        "usedProductIds": [],
        "operationPolicies": {
          "request": [],
          "response": [],
          "fault": []
        }
      },
      {
        "id": "",
        "target": "/v1/models/{model_id}",
        "verb": "GET",
        "authType": "Application \u0026 Application User",
        "throttlingPolicy": "Unlimited",
        "scopes": [],
        "usedProductIds": [],
        "operationPolicies": {
          "request": [],
          "response": [],
          "fault": []
        }
      },
      {
        "id": "",
        "target": "/v1/models/{model_id}",
        "verb": "DELETE",
        "authType": "Application \u0026 Application User",
        "throttlingPolicy": "Unlimited",
        "scopes": [],
        "usedProductIds": [],
        "operationPolicies": {
          "request": [],
          "response": [],
          "fault": []
        }
      },
      {
        "id": "",
        "target": "/v1/agents/completions",
        "verb": "POST",
        "authType": "Application \u0026 Application User",
        "throttlingPolicy": "Unlimited",
        "scopes": [],
        "usedProductIds": [],
        "operationPolicies": {
          "request": [],
          "response": [],
          "fault": []
        }
      },
      {
        "id": "",
        "target": "/v1/embeddings",
        "verb": "POST",
        "authType": "Application \u0026 Application User",
        "throttlingPolicy": "Unlimited",
        "scopes": [],
        "usedProductIds": [],
        "operationPolicies": {
          "request": [],
          "response": [],
          "fault": []
        }
      }
    ],
    "categories": [],
    "keyManagers": [
      "all"
    ],
    "advertiseInfo": {
      "advertised": false,
      "apiOwner": "Mohamed",
      "vendor": "WSO2"
    },
    "gatewayVendor": "wso2",
    "gatewayType": "wso2/synapse",
    "asyncTransportProtocols": [],
    "egress": true,
    "organizationId": "carbon.super"
  }
}