{
  "type": "api",
  "version": "v4.6.0",
  "data": {
    "id": "0437872f-946d-4433-82b1-230246d4b6a8",
    "name": "OpenAIAPI",
    "displayName": "Universal LLM Provider",
    "description": "An universal LLM access based on the OpenAI interface.",
    "context": "/openllm",
    "version": "2.3.0",
    "provider": "Anna",
    "lifeCycleStatus": "PUBLISHED",
    "responseCachingEnabled": false,
    "cacheTimeout": 300,
    "hasThumbnail": true,
    "isDefaultVersion": true,
    "isRevision": false,
    "revisionId": 0,
    "enableSchemaValidation": false,
    "enableSubscriberVerification": false,
    "type": "HTTP",
    "audiences": [
      "all"
    ],
    "transport": [
      "https"
    ],
    "tags": [
      "llm"
    ],
    "policies": [
      "BasicConsumption",
      "AISilver",
      "AIGold"
    ],
    "organizationPolicies": [],
    "authorizationHeader": "Authorization",
    "apiKeyHeader": "ApiKey",
    "securityScheme": [
      "api_key",
      "oauth_basic_auth_api_key_mandatory",
      "oauth2"
    ],
    "maxTps": {
      "production": 5,
      "productionTimeUnit": "MINUTE",
      "sandboxTimeUnit": "SECOND",
      "tokenBasedThrottlingConfiguration": {
        "productionMaxPromptTokenCount": 500,
        "productionMaxCompletionTokenCount": 5000,
        "productionMaxTotalTokenCount": 5000,
        "isTokenBasedThrottlingEnabled": true
      }
    },
    "visibility": "PUBLIC",
    "visibleRoles": [],
    "visibleTenants": [],
    "visibleOrganizations": [
      "none"
    ],
    "mediationPolicies": [],
    "subscriptionAvailability": "CURRENT_TENANT",
    "subscriptionAvailableTenants": [],
    "additionalProperties": [],
    "additionalPropertiesMap": {},
    "accessControl": "NONE",
    "accessControlRoles": [],
    "businessInformation": {},
    "corsConfiguration": {
      "corsConfigurationEnabled": true,
      "accessControlAllowOrigins": [
        "*"
      ],
      "accessControlAllowCredentials": false,
      "accessControlAllowHeaders": [
        "authorization",
        "Access-Control-Allow-Origin",
        "Content-Type",
        "apikey",
        "Internal-Key"
      ],
      "accessControlAllowMethods": [
        "GET",
        "PUT",
        "POST",
        "PATCH",
        "OPTIONS"
      ]
    },
    "websubSubscriptionConfiguration": {
      "enable": false,
      "secret": "",
      "signingAlgorithm": "SHA1",
      "signatureHeader": "x-hub-signature"
    },
    "createdTime": "1759526428200",
    "lastUpdatedTimestamp": "1760905396543",
    "lastUpdatedTime": "2025-10-19 20:23:16.543",
    "endpointConfig": {
      "endpoint_type": "http",
      "endpoint_security": {
        "production": {
          "apiKeyValue": "",
          "tokenUrl": "",
          "connectionTimeoutDuration": -1,
          "apiKeyIdentifier": "Authorization",
          "type": "apikey",
          "socketTimeoutDuration": -1,
          "enabled": true,
          "apiKeyIdentifierType": "HEADER",
          "proxyConfigs": {
            "proxyEnabled": false,
            "proxyPort": "",
            "proxyProtocol": "",
            "proxyUsername": "",
            "proxyPassword": "",
            "proxyHost": ""
          },
          "connectionTimeoutConfigType": "GLOBAL",
          "proxyConfigType": "GLOBAL",
          "customParameters": {},
          "additionalProperties": {},
          "grantType": "",
          "connectionRequestTimeoutDuration": -1,
          "username": ""
        }
      },
      "production_endpoints": {
        "url": "https://api.openai.com/v1"
      }
    },
    "primaryProductionEndpointId": "800b9aa9-64e9-4aa4-8d2f-8ff51f773058",
    "endpointImplementationType": "ENDPOINT",
    "subtypeConfiguration": {
      "subtype": "AIAPI",
      "_configuration": "{\"llmProviderId\":\"fecae213-9a98-424e-87bb-1922fbe84af9\",\"llmProviderName\":\"OpenAI\",\"llmProviderApiVersion\":\"2.0.0\"}"
    },
    "scopes": [],
    "operations": [
      {
        "id": "",
        "target": "/chat/completions",
        "verb": "POST",
        "authType": "Application \u0026 Application User",
        "throttlingPolicy": "Unlimited",
        "scopes": [],
        "usedProductIds": [],
        "operationPolicies": {
          "request": [
            {
              "policyName": "SemanticCache",
              "policyVersion": "v1.0",
              "policyType": "common",
              "policyId": "cc4b4fa2-d1ad-413a-956c-a8646695d1c9",
              "parameters": {
                "name": "CacheSemanticallyRelatedPrompts",
                "threshold": "0.32",
                "jsonPath": "$.messages[-1].content"
              }
            },
            {
              "policyName": "addLogMessage",
              "policyVersion": "v1",
              "policyType": "common",
              "policyId": "ff623ef4-d399-44d0-818f-24baaa27f2a8",
              "parameters": {}
            }
          ],
          "response": [
            {
              "policyName": "SemanticCache",
              "policyVersion": "v1.0",
              "policyType": "common",
              "policyId": "cc4b4fa2-d1ad-413a-956c-a8646695d1c9",
              "parameters": {
                "name": "CacheSemanticallyRelatedPrompts",
                "threshold": "0.32",
                "jsonPath": "$.messages[-1].content"
              }
            },
            {
              "policyName": "addLogMessage",
              "policyVersion": "v1",
              "policyType": "common",
              "policyId": "ff623ef4-d399-44d0-818f-24baaa27f2a8",
              "parameters": {}
            }
          ],
          "fault": []
        }
      },
      {
        "id": "",
        "target": "/chat/completions/{completion_id}",
        "verb": "GET",
        "authType": "Application \u0026 Application User",
        "throttlingPolicy": "Unlimited",
        "scopes": [],
        "usedProductIds": [],
        "operationPolicies": {
          "request": [],
          "response": [],
          "fault": []
        }
      },
      {
        "id": "",
        "target": "/chat/completions/{completion_id}",
        "verb": "POST",
        "authType": "Application \u0026 Application User",
        "throttlingPolicy": "Unlimited",
        "scopes": [],
        "usedProductIds": [],
        "operationPolicies": {
          "request": [],
          "response": [],
          "fault": []
        }
      },
      {
        "id": "",
        "target": "/chat/completions/{completion_id}",
        "verb": "DELETE",
        "authType": "Application \u0026 Application User",
        "throttlingPolicy": "Unlimited",
        "scopes": [],
        "usedProductIds": [],
        "operationPolicies": {
          "request": [],
          "response": [],
          "fault": []
        }
      },
      {
        "id": "",
        "target": "/chat/completions/{completion_id}/messages",
        "verb": "GET",
        "authType": "Application \u0026 Application User",
        "throttlingPolicy": "Unlimited",
        "scopes": [],
        "usedProductIds": [],
        "operationPolicies": {
          "request": [],
          "response": [],
          "fault": []
        }
      },
      {
        "id": "",
        "target": "/embeddings",
        "verb": "POST",
        "authType": "Application \u0026 Application User",
        "throttlingPolicy": "Unlimited",
        "scopes": [],
        "usedProductIds": [],
        "operationPolicies": {
          "request": [],
          "response": [],
          "fault": []
        }
      },
      {
        "id": "",
        "target": "/models",
        "verb": "GET",
        "authType": "Application \u0026 Application User",
        "throttlingPolicy": "Unlimited",
        "scopes": [],
        "usedProductIds": [],
        "operationPolicies": {
          "request": [],
          "response": [],
          "fault": []
        }
      },
      {
        "id": "",
        "target": "/models/{model}",
        "verb": "GET",
        "authType": "Application \u0026 Application User",
        "throttlingPolicy": "Unlimited",
        "scopes": [],
        "usedProductIds": [],
        "operationPolicies": {
          "request": [],
          "response": [],
          "fault": []
        }
      },
      {
        "id": "",
        "target": "/models/{model}",
        "verb": "DELETE",
        "authType": "Application \u0026 Application User",
        "throttlingPolicy": "Unlimited",
        "scopes": [],
        "usedProductIds": [],
        "operationPolicies": {
          "request": [],
          "response": [],
          "fault": []
        }
      }
    ],
    "categories": [],
    "keyManagers": [
      "all"
    ],
    "advertiseInfo": {
      "advertised": false,
      "apiOwner": "wso2admin",
      "vendor": "WSO2"
    },
    "gatewayVendor": "wso2",
    "gatewayType": "wso2/synapse",
    "initiatedFromGateway": false,
    "asyncTransportProtocols": [],
    "egress": true,
    "organizationId": "carbon.super"
  }
}