{
  "type": "endpoints",
  "version": "v4.6.0",
  "data": [
    {
      "id": "a5c218ee-7a0e-4c24-af0b-571b91d4d8a8",
      "name": "Anthropic",
      "deploymentStage": "PRODUCTION",
      "endpointConfig": {
        "endpoint_type": "http",
        "endpoint_security": {
          "production": {
            "apiKeyValue": "",
            "tokenUrl": "",
            "connectionTimeoutDuration": -1,
            "apiKeyIdentifier": "x-api-key",
            "type": "apikey",
            "socketTimeoutDuration": -1,
            "enabled": true,
            "apiKeyIdentifierType": "HEADER",
            "proxyConfigs": {
              "proxyEnabled": "",
              "proxyHost": "",
              "proxyPort": "",
              "proxyUsername": "",
              "proxyPassword": "",
              "proxyProtocol": ""
            },
            "connectionTimeoutConfigType": "GLOBAL",
            "proxyConfigType": "GLOBAL",
            "customParameters": {},
            "grantType": "",
            "connectionRequestTimeoutDuration": -1,
            "username": ""
          }
        },
        "production_endpoints": {
          "url": "https://api.anthropic.com",
          "config": {
            "actionDuration": "5000",
            "actionSelect": "fault",
            "retryDelay": "1000",
            "retryErroCode": [],
            "retryTimeOut": "2",
            "factor": "",
            "suspendDuration": "",
            "suspendErrorCode": [],
            "suspendMaxDuration": ""
          }
        }
      }
    },
    {
      "id": "a611426d-182f-4d4f-ad57-00474232beb4",
      "name": "OpenAI",
      "deploymentStage": "PRODUCTION",
      "endpointConfig": {
        "endpoint_type": "http",
        "endpoint_security": {
          "production": {
            "apiKeyValue": "",
            "tokenUrl": "",
            "connectionTimeoutDuration": -1,
            "apiKeyIdentifier": "Authorization",
            "type": "apikey",
            "socketTimeoutDuration": -1,
            "enabled": true,
            "apiKeyIdentifierType": "HEADER",
            "proxyConfigs": {
              "proxyEnabled": "",
              "proxyHost": "",
              "proxyPort": "",
              "proxyUsername": "",
              "proxyPassword": "",
              "proxyProtocol": ""
            },
            "connectionTimeoutConfigType": "GLOBAL",
            "proxyConfigType": "GLOBAL",
            "customParameters": {},
            "grantType": "",
            "connectionRequestTimeoutDuration": -1,
            "username": ""
          }
        },
        "production_endpoints": {
          "url": "https://api.openai.com/v1",
          "config": {
            "actionDuration": "5000",
            "actionSelect": "fault",
            "retryDelay": "500",
            "retryErroCode": [],
            "retryTimeOut": "2",
            "factor": "",
            "suspendDuration": "",
            "suspendErrorCode": [],
            "suspendMaxDuration": ""
          }
        }
      }
    },
    {
      "id": "800b9aa9-64e9-4aa4-8d2f-8ff51f773058",
      "name": "OpenAI-New",
      "deploymentStage": "PRODUCTION",
      "endpointConfig": {
        "endpoint_type": "http",
        "endpoint_security": {
          "production": {
            "apiKeyValue": "",
            "tokenUrl": "",
            "connectionTimeoutDuration": -1,
            "apiKeyIdentifier": "Authorization",
            "type": "apikey",
            "socketTimeoutDuration": -1,
            "enabled": true,
            "apiKeyIdentifierType": "HEADER",
            "proxyConfigs": {
              "proxyEnabled": "",
              "proxyHost": "",
              "proxyPort": "",
              "proxyUsername": "",
              "proxyPassword": "",
              "proxyProtocol": ""
            },
            "connectionTimeoutConfigType": "GLOBAL",
            "proxyConfigType": "GLOBAL",
            "customParameters": {},
            "grantType": "",
            "connectionRequestTimeoutDuration": -1,
            "username": ""
          }
        },
        "production_endpoints": {
          "url": "https://api.openai.com/v1"
        }
      }
    }
  ]
}